키워드,언론사,게시일,뉴스제목,url
롯데 정보유출,미디어오늘,2025-10-16 21:05:09,개인정보위원회 수장에 AI 전문가 임명…시민사회 우려,https://n.news.naver.com/mnews/article/006/0000132301?sid=105
롯데 정보유출,연합뉴스,2025-10-16 09:14:01,"KT·롯데카드 해킹 사태인데…KISA, 제주 워크숍 논란",https://n.news.naver.com/mnews/article/001/0015681002?sid=102
롯데 정보유출,조선비즈,2025-10-16 12:44:14,"“KT·롯데카드 해킹 사태 진행 중인데”… KISA, 제주 워크숍 강행 논란",https://n.news.naver.com/mnews/article/366/0001114896?sid=105
롯데 정보유출,MBC,2025-10-13 11:38:15,"롯데카드 해킹 두 달째, 회원 탈퇴 3만 명·카드 해지 5만 명",https://n.news.naver.com/mnews/article/214/0001454486?sid=101
롯데 정보유출,노컷뉴스,2025-10-13 13:00:11,"롯데카드 ""민감정보 유출 고객 82% 보호조치 완료""",https://n.news.naver.com/mnews/article/079/0004074332?sid=101
롯데 정보유출,세계일보,2025-10-13 15:03:10,"‘개인정보 유출’ 롯데카드, 해지·탈회 8만6000명",https://n.news.naver.com/mnews/article/022/0004074546?sid=101
롯데 정보유출,연합뉴스,2025-10-13 12:08:25,"롯데카드 ""민감정보 유출 고객 82% 보호조치…재발급 지연 해소""",https://n.news.naver.com/mnews/article/001/0015674104?sid=101
롯데 정보유출,강원도민일보,2025-10-13 13:43:11,"롯데카드 ""민감정보 유출 고객 82% 보호조치…부정사용 피해 없어""",https://n.news.naver.com/mnews/article/654/0000145811?sid=101
롯데 정보유출,뉴시스,2025-10-14 18:30:36,"조좌진 롯데카드 대표 ""1100억 보안투자 계획 연내 보고""",https://n.news.naver.com/mnews/article/003/0013534308?sid=101
롯데 정보유출,블로터,2025-10-15 11:05:08,"개인정보 유출 논란, M&A까지 '불똥' 왜",https://n.news.naver.com/mnews/article/293/0000073562?sid=101
롯데 정보유출,이데일리,2025-10-14 17:35:09,"롯데카드 ""정보보호 예산 1100억원 투입 계획 연말까지 발표""",https://n.news.naver.com/mnews/article/018/0006138046?sid=101
롯데 정보유출,조선비즈,2025-10-14 16:27:08,조좌진 롯데카드 대표 “정보보호 예산 1100억원 투자 계획 연말까지 발표”,https://n.news.naver.com/mnews/article/366/0001114324?sid=101
롯데 정보유출,세계일보,2025-10-13 16:49:08,"개인정보위, 정보유출방지 제도개선 TF 10월 중 출범…징벌적 과징금 검토",https://n.news.naver.com/mnews/article/022/0004074575?sid=102
롯데 정보유출,뉴시스,2025-10-13 17:42:02,"정무위 국감 미리보기…""유출 사고는 반복, 대응은 제자리"" 제도 개선 시험대에",https://n.news.naver.com/mnews/article/003/0013531775?sid=105
롯데 정보유출,머니투데이,2025-10-13 14:10:02,"또, 또 개인정보 유출사고…개보위 칼 빼들었다",https://n.news.naver.com/mnews/article/008/0005261734?sid=105
롯데 정보유출,시사저널,2025-10-13 12:20:16,"금감원, 롯데카드 11번 검사했는데도 대형 해킹 사고",https://n.news.naver.com/mnews/article/586/0000113448?sid=101
롯데 정보유출,연합뉴스,2025-10-13 09:54:25,"금감원, 6년여간 롯데카드 11번 검사했지만…보안 점검은 '구멍'",https://n.news.naver.com/mnews/article/001/0015673446?sid=101
롯데 정보유출,데일리안,2025-10-14 13:09:10,"송경희 개인정보위원장 ""개인정보 유출·침해 사고, 엄정 처분""[2025 국감]",https://n.news.naver.com/mnews/article/119/0003012335?sid=105
롯데 정보유출,뉴시스,2025-10-14 11:05:51,"송경희 개보위원장 ""개인정보 유출·침해사고, 엄정 조사·처분""",https://n.news.naver.com/mnews/article/003/0013532917?sid=105
롯데 정보유출,이데일리,2025-10-14 10:37:08,"송경희 위원장 “출범 5주년 개보위, 대규모 유출 재발방지에 총력”",https://n.news.naver.com/mnews/article/018/0006137664?sid=105
롯데 정보유출,연합뉴스,2025-10-14 17:15:08,"롯데카드 대표 ""해킹 이후 재발급 등 고객 보호에 180억 사용""",https://n.news.naver.com/mnews/article/001/0015677523?sid=101
롯데 정보유출,뉴스1,2025-10-14 16:56:45,"조좌진 롯데카드 대표 ""해킹 사고 후 정보보호 예산 180억 투입""",https://n.news.naver.com/mnews/article/421/0008537590?sid=101
롯데 정보유출,SBS,2025-10-14 18:15:48,"롯데카드 대표 ""해킹 이후 재발급 등 고객 보호에 180억 사용""",https://n.news.naver.com/mnews/article/055/0001299671?sid=101
롯데 정보유출,파이낸셜뉴스,2025-10-14 20:48:10,"조좌진 롯데카드 대표 ""고객 정보보호보다 배당금 우선이었던 것 아냐"" [李정부 첫 국감]",https://n.news.naver.com/mnews/article/014/0005419259?sid=101
롯데 정보유출,연합뉴스TV,2025-10-14 17:25:11,"조좌진 롯데카드 대표 ""해킹 후 재발급 등에 180억원 사용""",https://n.news.naver.com/mnews/article/422/0000790766?sid=100
롯데 정보유출,뉴시스,2025-10-14 11:09:48,"금감원, 7년간 카드사 67회 검사…롯데카드 가장 많아",https://n.news.naver.com/mnews/article/003/0013532928?sid=101
롯데 정보유출,동아일보,2025-10-14 03:02:33,"7년간 롯데카드 11번 검사했지만…금감원, 해킹 등 보안문제는 ‘노터치’",https://n.news.naver.com/mnews/article/020/0003666807?sid=101
롯데 정보유출,조선비즈,2025-10-14 16:41:12,"조좌진 롯데카드 대표 “9월 마케팅 예산 증액, 전월에 이미 확정”",https://n.news.naver.com/mnews/article/366/0001114333?sid=101
롯데 정보유출,뉴시스,2025-10-14 05:00:00,[단독] 개인정보 분야 최고 수준이라고? ISMS-P 인증 취득 기관 32곳서 털렸다,https://n.news.naver.com/mnews/article/003/0013532163?sid=105
롯데 정보유출,아시아경제,2025-10-13 11:20:00,"롯데카드 ""해킹 부정사용 가능고객 카드재발급 완료""",https://n.news.naver.com/mnews/article/277/0005663350?sid=101
롯데 정보유출,SBS Biz,2025-10-13 10:57:09,"롯데카드 ""부정사용 가능성 22만명 카드 재발급 완료""",https://n.news.naver.com/mnews/article/374/0000467985?sid=101
롯데 정보유출,뉴시스,2025-10-13 11:41:32,"롯데카드 ""해킹 부정사용 노출 28만명 중 82% 보호 조치""",https://n.news.naver.com/mnews/article/003/0013530678?sid=101
롯데 정보유출,뉴시스,2025-10-10 11:12:36,금융권은 국감모드…MBK 회장·롯데카드 대표 등 증인,https://n.news.naver.com/mnews/article/003/0013527132?sid=101
롯데 정보유출,SBS,2025-10-14 09:06:42,"'해킹 사태' 롯데카드, 사고 뒤 마케팅 예산 15% 증액…정보보호예산 증가는 '0%'",https://n.news.naver.com/mnews/article/055/0001299481?sid=101
롯데 정보유출,파이낸셜뉴스,2025-10-12 14:18:12,"“홈플러스·롯데카드 사태 해명하라” MBK, 국감 최대 뇌관",https://n.news.naver.com/mnews/article/014/0005417854?sid=101
롯데 정보유출,조세일보,2025-10-15 10:23:11,MBK파트너스 인수 이후 롯데카드 보안 예산 급감...국감서 집중 포화 [2025 국감],https://n.news.naver.com/mnews/article/123/0002369830?sid=101
롯데 정보유출,파이낸셜뉴스,2025-10-14 09:16:12,정무위 국감 돌입...롯데카드 해킹 사태 도마 위로,https://n.news.naver.com/mnews/article/014/0005418741?sid=101
롯데 정보유출,이데일리,2025-10-14 15:18:07,"정무위 국감, 김영섭·조좌진·김병주 나란히 출석…KT·롯데카드 해킹사고 집중 도마",https://n.news.naver.com/mnews/article/018/0006137890?sid=105
롯데 정보유출,조선비즈,2025-10-13 06:01:17,"정무위 국정감사, ‘롯데카드 해킹·홈플러스 사태’ MBK 정조준",https://n.news.naver.com/mnews/article/366/0001113801?sid=101
롯데 정보유출,연합뉴스,2025-10-02 11:50:40,"롯데카드 ""민감정보 유출 고객 79% 카드 재발급·비번 변경""(종합)",https://n.news.naver.com/mnews/article/001/0015663732?sid=101
롯데 정보유출,TV조선,2025-10-02 11:20:27,"롯데카드 ""부정사용 우려 고객 79% 카드 재발급·비번 변경""",https://n.news.naver.com/mnews/article/448/0000561106?sid=101
롯데 정보유출,데일리안,2025-10-14 17:25:09,“변명 여지 없다” 질타 속 조좌진·김병주 증인석…롯데카드 정조준 [2025 국감],https://n.news.naver.com/mnews/article/119/0003012497?sid=101
롯데 정보유출,서울경제,2025-10-13 13:54:10,"롯데카드, 사외이사 5명 중 3명 교체",https://n.news.naver.com/mnews/article/011/0004542553?sid=101
롯데 정보유출,뉴스1,2025-10-14 06:12:28,막 오르는 정무위 국감…'해킹' 롯데카드·'홈플러스 사태' MBK 도마 위,https://n.news.naver.com/mnews/article/421/0008535655?sid=101
롯데 정보유출,연합뉴스,2025-10-06 10:00:00,[팩트체크] 롯데카드가 롯데그룹 아니라고?…회사는 팔려도 간판은 남는다,https://n.news.naver.com/mnews/article/001/0015666849?sid=101
롯데 정보유출,뉴스1,2025-10-13 06:10:00,"롯데·쿠팡·이마트, 올해도 줄줄이 국감 증인 채택…MBK 김병주에 쏠리는 눈",https://n.news.naver.com/mnews/article/421/0008533028?sid=101
롯데 정보유출,한국일보,2025-10-13 15:20:12,전국 지자체 하루 9만 건 해킹 시도… 개인정보 유출 불안 확산,https://n.news.naver.com/mnews/article/469/0000891595?sid=102
롯데 정보유출,이데일리,2025-10-14 17:14:09,"김재섭 의원 “중국계 트립닷컴, ‘고객정보 공유 가능’ 약관 시정하라”",https://n.news.naver.com/mnews/article/018/0006138033?sid=105
롯데 정보유출,뉴시스,2025-10-02 10:36:23,"롯데카드 ""민감정보 유출 28만명 중 79% 고객 보호조치""",https://n.news.naver.com/mnews/article/003/0013520430?sid=101
롯데 정보유출,조선비즈,2025-10-02 09:57:06,롯데카드 “정보 유출 297만명 중 142만명 보호조치… 재발급 76% 완료”,https://n.news.naver.com/mnews/article/366/0001112496?sid=101
롯데 정보유출,이코노미스트,2025-10-12 07:07:11,“SKT·KT·롯데카드...다 같은 해킹 아니다”...해커들의 표적 된 까닭은?,https://n.news.naver.com/mnews/article/243/0000086210?sid=101
롯데 정보유출,아이뉴스24,2025-10-13 16:31:07,[2025 국감] KT·롯데카드·로보락 줄소환…AI시대 개인정보보호체계 시험대,https://n.news.naver.com/mnews/article/031/0000971287?sid=105
롯데 정보유출,이데일리,2025-10-10 13:48:15,롯데카드 해킹 사태부터 가계대출까지…국감 도마 위에,https://n.news.naver.com/mnews/article/018/0006134779?sid=101
롯데 정보유출,아이뉴스24,2025-10-12 11:01:08,통신사·롯데카드 해킹 사고 잇따르자 여야 '보안 입법' 시동,https://n.news.naver.com/mnews/article/031/0000970930?sid=105
롯데 정보유출,뉴시스,2025-09-29 15:29:37,"경찰, '롯데카드 해킹' 정식 수사 착수…피해 서버 확보",https://n.news.naver.com/mnews/article/003/0013512794?sid=102
롯데 정보유출,뉴시스,2025-09-22 15:57:48,"개인정보위, 롯데카드 고객정보 유출 조사 착수",https://n.news.naver.com/mnews/article/003/0013497722?sid=105
롯데 정보유출,연합뉴스,2025-09-22 16:00:16,"개인정보위, 롯데카드 고객정보 유출 조사 착수…""법 위반 확인""",https://n.news.naver.com/mnews/article/001/0015641513?sid=101
롯데 정보유출,뉴시스,2025-09-24 11:54:31,"롯데카드 ""정보 유출 고객 43% 보호조치…부정사용 없어""",https://n.news.naver.com/mnews/article/003/0013502131?sid=101
롯데 정보유출,이코노미스트,2025-09-24 11:40:16,"롯데카드, 4만여명 해지...""유출 고객 43% 보호 조치""",https://n.news.naver.com/mnews/article/243/0000085375?sid=101
롯데 정보유출,세계일보,2025-10-03 05:02:15,롯데카드 “민감정보 유출 고객 79% 카드 재발급·비번 변경”,https://n.news.naver.com/mnews/article/022/0004073023?sid=101
롯데 정보유출,연합뉴스,2025-09-22 09:10:31,롯데카드 해킹 파장…방통위 '연계정보' 점검,https://n.news.naver.com/mnews/article/001/0015639918?sid=102
롯데 정보유출,한국경제,2025-09-22 09:12:16,"방통위, 롯데카드 정보유출 연계정보 긴급 점검",https://n.news.naver.com/mnews/article/015/0005188031?sid=102
롯데 정보유출,KBS,2025-09-24 16:11:31,롯데카드 유출 피해자 6천 명 늘어…“전수 확인 종료”,https://n.news.naver.com/mnews/article/056/0012035881?sid=101
롯데 정보유출,노컷뉴스,2025-09-24 09:08:10,"롯데카드 ""개인정보 유출 297만명 중 43% 조치…4.2만명 해지""",https://n.news.naver.com/mnews/article/079/0004069459?sid=101
롯데 정보유출,뉴시스,2025-09-22 09:10:24,"방통위, '연계정보' 유출 롯데카드 관리 실태 긴급 점검",https://n.news.naver.com/mnews/article/003/0013496007?sid=105
롯데 정보유출,미디어오늘,2025-09-22 17:02:12,"방통위, '롯데카드 정보유출' 긴급 점검",https://n.news.naver.com/mnews/article/006/0000131930?sid=105
롯데 정보유출,뉴스1,2025-10-02 10:31:29,"롯데카드 ""개인정보 유출 고객 297만명 중 142만명에 보호조치 시행""",https://n.news.naver.com/mnews/article/421/0008523072?sid=101
롯데 정보유출,한국경제,2025-10-02 15:20:13,"롯데카드 ""정보유출 고객 297만명 중 142만명 보호조치 시행""",https://n.news.naver.com/mnews/article/015/0005193481?sid=101
롯데 정보유출,연합뉴스,2025-09-22 15:49:25,"[속보] 개인정보위, '롯데카드 고객정보 유출' 조사 착수",https://n.news.naver.com/mnews/article/001/0015641455?sid=101
롯데 정보유출,TV조선,2025-09-22 15:52:45,"[속보] 개인정보위, '롯데카드 고객정보 유출' 조사 착수",https://n.news.naver.com/mnews/article/448/0000558742?sid=102
롯데 정보유출,뉴스1,2025-09-22 15:51:40,[속보] 개인정보위 '롯데카드 고객정보 유출' 조사 착수,https://n.news.naver.com/mnews/article/421/0008501425?sid=100
롯데 정보유출,디지털데일리,2025-10-14 17:28:08,"[국감2025] 대형 해킹에 롯데카드 ""보안투자 계획 중""…KT는 ""고객께 죄송"" 되풀이",https://n.news.naver.com/mnews/article/138/0002206896?sid=105
롯데 정보유출,이데일리,2025-09-24 07:18:14,"통신3사·롯데카드 CEO 소환한 과방위, 정보유출 책임 묻는다",https://n.news.naver.com/mnews/article/018/0006123655?sid=105
롯데 정보유출,뉴시스,2025-09-18 14:00:26,"롯데카드, '해킹' 297만명 털렸다…28만명은 CVC도 유출",https://n.news.naver.com/mnews/article/003/0013490627?sid=101
롯데 정보유출,국민일보,2025-10-04 05:01:08,“차례상값도 안 되는 내 정보”… 5년 소송에 10만원 보상,https://n.news.naver.com/mnews/article/005/0001806411?sid=102
롯데 정보유출,TV조선,2025-09-23 15:51:58,"롯데카드 ""민감정보 유출된 고객 66%, 카드 재발급·비번 변경""",https://n.news.naver.com/mnews/article/448/0000559029?sid=101
롯데 정보유출,한국경제,2025-09-23 13:00:17,"롯데카드 ""민감정보 유출 고객 66%, 카드 재발급·비번 변경 완료""",https://n.news.naver.com/mnews/article/015/0005188812?sid=102
롯데 정보유출,이데일리,2025-09-23 08:05:11,"롯데카드, 해킹 유출 정보 '공지 후 변경' 고객 1만명 달해",https://n.news.naver.com/mnews/article/018/0006122865?sid=101
롯데 정보유출,뉴시스,2025-09-18 15:52:37,"금융당국 ""롯데카드 정보유출, 일벌백계 원칙…최대 수준 제재""",https://n.news.naver.com/mnews/article/003/0013491228?sid=101
롯데 정보유출,SBS,2025-09-18 17:11:07,"롯데카드 297만 명 정보 유출…""초기 발표 100배 넘어""",https://n.news.naver.com/mnews/article/055/0001293680?sid=101
롯데 정보유출,동아일보,2025-09-18 13:34:17,롯데카드 “297만명 정보유출… 28만명은 CVC도 털렸다”,https://n.news.naver.com/mnews/article/020/0003662009?sid=101
롯데 정보유출,뉴스1,2025-09-18 18:36:31,"'롯데카드 해킹' 297만명 털렸다는데…""설마 나는?"" 발동동",https://n.news.naver.com/mnews/article/421/0008495678?sid=101
롯데 정보유출,TV조선,2025-09-26 18:46:01,"與 김현 ""고객정보 털린 롯데카드, 신규 영업 강행""",https://n.news.naver.com/mnews/article/448/0000559905?sid=100
롯데 정보유출,뉴스1,2025-10-10 06:30:00,국회서 롯데카드 해킹·MBK 책임론 따진다…미리보는 금융권 국감,https://n.news.naver.com/mnews/article/421/0008529482?sid=101
롯데 정보유출,비즈워치,2025-10-08 11:00:07,"[미리보는 국감]'해킹' 롯데카드, 김병주 MBK 회장 고개 숙일까",https://n.news.naver.com/mnews/article/648/0000040547?sid=101
롯데 정보유출,뉴시스,2025-09-18 16:25:47,"롯데카드, '해킹' 297만명 정보 유출…""부정 사용은 아직 없어""(종합)",https://n.news.naver.com/mnews/article/003/0013491420?sid=101
롯데 정보유출,YTN,2025-09-18 18:42:52,"롯데카드 ""28만 명 CVC까지 유출""...19일간 몰랐다",https://n.news.naver.com/mnews/article/052/0002249040?sid=101
롯데 정보유출,뉴스1,2025-09-18 14:05:33,"960만 회원 롯데카드 297만명 정보 유출…""피해액 전액 보상""(종합)",https://n.news.naver.com/mnews/article/421/0008494594?sid=101
롯데 정보유출,YTN,2025-09-18 17:58:05,"롯데카드 ""28만 명 CVC까지 유출, 부정사용 가능성'",https://n.news.naver.com/mnews/article/052/0002249020?sid=101
롯데 정보유출,YTN,2025-09-18 15:40:11,"롯데카드 ""28만 명 CVC까지 유출, 부정사용 가능성...전액 보상'",https://n.news.naver.com/mnews/article/052/0002248966?sid=101
롯데 정보유출,KBS,2025-09-18 17:01:20,롯데카드 “297만 명 정보 유출…28만 명 부정사용 여지”,https://n.news.naver.com/mnews/article/056/0012032183?sid=101
롯데 정보유출,이데일리,2025-09-18 13:53:12,"롯데카드 “297만명 정보유출, 28만명 2차피해 가능성”",https://n.news.naver.com/mnews/article/018/0006118725?sid=101
롯데 정보유출,조선일보,2025-09-18 13:52:07,롯데카드 297만명 해킹당해… 28만명은 비번까지 털렸다,https://n.news.naver.com/mnews/article/023/0003929956?sid=101
롯데 정보유출,국민일보,2025-09-18 18:44:13,최초 유출 1.7GB선 무슨 정보 털렸는지 몰라… 불안 증폭,https://n.news.naver.com/mnews/article/005/0001803238?sid=101
롯데 정보유출,MBC,2025-09-18 20:38:36,"'롯데카드' 297만 명 정보 털렸다‥뒤늦은 사과 ""보안 강화하겠다""",https://n.news.naver.com/mnews/article/214/0001450214?sid=101
롯데 정보유출,한국경제,2025-09-18 17:38:14,"롯데카드, 297만명 정보 털렸다…28만명은 CVC 유출",https://n.news.naver.com/mnews/article/015/0005186953?sid=101
롯데 정보유출,한겨레,2025-09-18 13:56:20,‘해킹’ 롯데카드 297만명 정보 유출…28만명 CVC까지 털려,https://n.news.naver.com/mnews/article/028/0002767016?sid=101
롯데 정보유출,KBS,2025-09-18 21:24:37,롯데카드 3백만 명 정보 유출…28만 명은 비번도 털려,https://n.news.naver.com/mnews/article/056/0012032418?sid=101
롯데 정보유출,한국경제,2025-09-18 14:02:18,롯데카드 297만명 정보 유출…카드번호·CVC까지 털렸다 [영상],https://n.news.naver.com/mnews/article/015/0005186742?sid=102
롯데 정보유출,이데일리,2025-09-18 18:18:15,롯데카드 297만명 정보 유출…28만명 비번까지 털려,https://n.news.naver.com/mnews/article/018/0006119220?sid=101
롯데 정보유출,파이낸셜뉴스,2025-09-19 14:56:21,"경찰, '롯데카드 해킹·정보유출' 수사",https://n.news.naver.com/mnews/article/014/0005409495?sid=102
롯데 정보유출,더팩트,2025-09-19 15:32:15,"경찰, '롯데카드 해킹' 수사…정보 유출 경로 파악",https://n.news.naver.com/mnews/article/629/0000427962?sid=102
롯데 정보유출,아시아경제,2025-09-19 14:46:37,"경찰, '롯데카드 해킹·정보유출' 수사 착수",https://n.news.naver.com/mnews/article/277/0005654746?sid=102
롯데 정보유출,노컷뉴스,2025-09-19 15:07:11,"경찰, 297만 명 정보 유출 '롯데카드 해킹사고' 수사 착수",https://n.news.naver.com/mnews/article/079/0004068181?sid=102
롯데 정보유출,지디넷코리아,2025-10-10 14:46:12,이억원·이찬진 금융감독당국 수장 첫 국감…롯데카드 집중 질의 예상,https://n.news.naver.com/mnews/article/092/0002393332?sid=105
롯데 정보유출,뉴시스,2025-09-23 11:49:31,"국힘 ""MBK 김병주, 롯데카드 사태 관련 국감 출석시킬 것…청문회도 검토""",https://n.news.naver.com/mnews/article/003/0013499502?sid=100
롯데 정보유출,뉴시스,2025-09-21 09:23:41,해킹 사고로 애꿎은 롯데그룹 피해 커지자…롯데카드 대표 사과 전해,https://n.news.naver.com/mnews/article/003/0013494835?sid=101
롯데 정보유출,이데일리,2025-09-21 16:18:16,롯데카드 해킹은 '예고된 인재'…과징금 최대 800억,https://n.news.naver.com/mnews/article/018/0006121610?sid=101
롯데 정보유출,뉴시스,2025-09-22 11:27:37,"최근 5년 간 기업 해킹 신고 건수 6447건…""해커 놀이터 전락""",https://n.news.naver.com/mnews/article/003/0013496715?sid=105
롯데 정보유출,뉴스1,2025-09-23 12:25:56,"'해킹 사태' 국회 불려간 롯데카드…""수익 치우쳐 정보보호 간과한 인재""(종합)",https://n.news.naver.com/mnews/article/421/0008503220?sid=101
롯데 정보유출,뉴시스,2025-09-22 15:13:16,"""제2 롯데카드 사태 막아라""…금융위, 전 금융권 CISO 소집",https://n.news.naver.com/mnews/article/003/0013497531?sid=101
롯데 정보유출,뉴시스,2025-09-19 07:00:00,'297만명' 털린 롯데카드…내 피해 확인·대처법은,https://n.news.naver.com/mnews/article/003/0013492014?sid=101
롯데 정보유출,서울경제,2025-10-08 13:01:15,반도체·디스플레이 기술 中에 또 털렸다…연이은 기술 유출에 '골머리',https://n.news.naver.com/mnews/article/011/0004541346?sid=101
롯데 정보유출,연합뉴스,2025-09-23 10:51:30,롯데카드 개인정보 유출사태 관련 대책 간담회,https://n.news.naver.com/mnews/article/001/0015642793?sid=102
롯데 정보유출,연합뉴스,2025-09-23 10:51:33,롯데카드 개인정보 유출사태 관련 대책 간담회,https://n.news.naver.com/mnews/article/001/0015642794?sid=102
롯데 정보유출,연합뉴스,2025-09-23 10:53:03,롯데카드 개인정보 유출사태 관련 대책 간담회,https://n.news.naver.com/mnews/article/001/0015642810?sid=102
롯데 정보유출,연합뉴스,2025-09-23 10:51:38,롯데카드 개인정보 유출사태 관련 대책 간담회,https://n.news.naver.com/mnews/article/001/0015642795?sid=102
롯데 정보유출,조선비즈,2025-09-21 11:06:16,롯데그룹 “해킹 사고 롯데카드는 계열사 아냐”,https://n.news.naver.com/mnews/article/366/0001109663?sid=101
롯데 정보유출,TV조선,2025-09-21 10:58:57,"롯데그룹 ""롯데카드, 그룹과 무관…브랜드가치 훼손에 강력 항의""",https://n.news.naver.com/mnews/article/448/0000558432?sid=101
롯데 정보유출,경향신문,2025-09-21 10:53:00,"롯데그룹 “롯데카드, 그룹과 무관···중대피해에 강력 항의”",https://n.news.naver.com/mnews/article/032/0003397712?sid=101
롯데 정보유출,YTN,2025-09-18 12:06:21,"""100만 명대 정보 유출"" 롯데카드 오늘 대국민사과",https://n.news.naver.com/mnews/article/052/0002248854?sid=101
롯데 정보유출,동아일보,2025-09-22 03:02:39,"“해킹 당한 롯데카드, 우리 계열사 아닌데”… 속타는 롯데그룹",https://n.news.naver.com/mnews/article/020/0003662571?sid=101
롯데 정보유출,파이낸셜뉴스,2025-10-13 11:59:10,"롯데카드, ""사이버 침해 우려 고객 28만명 중 82% 보호조치 완료""",https://n.news.naver.com/mnews/article/014/0005418282?sid=101
롯데 정보유출,더팩트,2025-10-13 11:10:12,"롯데카드, 사이버 침해 피해 고객 82% 보호조치 완료… ""재발급 지연 해소""",https://n.news.naver.com/mnews/article/629/0000433206?sid=101
롯데 개인정보,스포츠동아,2025-10-16 07:38:18,ESG도 롯데월드식으로…지속가능의 롤러코스터,https://n.news.naver.com/mnews/article/382/0001229566?sid=101
롯데 개인정보,일간스포츠,2025-10-16 12:55:49,"롯데월드, '지속가능한 글로벌 엔터테인먼트 기업'으로",https://n.news.naver.com/mnews/article/241/0003471640?sid=101
롯데 개인정보,블로터,2025-10-13 15:04:16,"롯데카드, 해킹 피해 복구 막바지…금감원 '감독 공백' 도마 위로",https://n.news.naver.com/mnews/article/293/0000073473?sid=101
롯데 개인정보,조세일보,2025-10-13 15:11:08,"롯데카드, 해킹 피해 고객 82% 보호조치 완료… ""피해 사례 없어”",https://n.news.naver.com/mnews/article/123/0002369665?sid=101
롯데 개인정보,전자신문,2025-10-13 10:59:10,"롯데카드, 핵심정보 유출 28만명 카드 재발급 조치 완료",https://n.news.naver.com/mnews/article/030/0003358218?sid=101
롯데 개인정보,아시아경제,2025-10-13 10:25:00,"[2025국감]""금감원, 롯데카드 6년간 11번 검사…보안점검 미흡""",https://n.news.naver.com/mnews/article/277/0005663277?sid=101
롯데 개인정보,아시아경제,2025-10-14 06:00:00,조좌진 롯데카드 대표 국감 출석…홈플러스·해킹 전방위 '공세',https://n.news.naver.com/mnews/article/277/0005663691?sid=101
롯데 개인정보,파이낸셜뉴스,2025-10-12 18:25:12,"""홈플러스·롯데카드 사태 해명하라""… 국감 최대 뇌관된 MBK",https://n.news.naver.com/mnews/article/014/0005417952?sid=101
롯데 개인정보,연합뉴스,2025-10-13 10:48:11,"LH, 최근 3년간 정보시스템 취약점 국토부 산하기관 중 최다",https://n.news.naver.com/mnews/article/001/0015673677?sid=101
롯데 개인정보,SBS Biz,2025-10-13 11:11:09,"LH, 국토부 산하기관 중 최근 3년간 정보시스템 취약점 최다",https://n.news.naver.com/mnews/article/374/0000467990?sid=101
롯데 개인정보,시사저널,2025-10-13 14:35:15,"LH, 최근 3년간 정보시스템 취약점 1041건…국토부 산하기관 중 최다",https://n.news.naver.com/mnews/article/586/0000113467?sid=101
롯데 개인정보,더팩트,2025-10-14 17:45:11,"[2025 국감] 롯데카드 대표 ""정보보호 투자 계획, 임기 전 별도 안건 보고할 것""",https://n.news.naver.com/mnews/article/629/0000433860?sid=101
롯데 개인정보,연합뉴스,2025-10-14 16:19:27,"정무위 국감, 의원 질의에 답하는 조좌진 롯데카드 대표이사",https://n.news.naver.com/mnews/article/001/0015677386?sid=100
롯데 개인정보,오마이뉴스,2025-10-10 15:31:08,"이해민 ""국가정보자원관리원, 화재 한 달 전 '백업·복구' 인증 통과""",https://n.news.naver.com/mnews/article/047/0002490846?sid=101
롯데 개인정보,연합뉴스,2025-10-14 16:21:29,정무위 국감 발언대에 선 조좌진 롯데카드 대표이사-김병주 MBK파트너스 회장,https://n.news.naver.com/mnews/article/001/0015677391?sid=100
롯데 개인정보,동아일보,2025-10-12 18:38:16,"[단독]롯데카드-홈플러스 대주주 MBK, 국감자료 제출 거부",https://n.news.naver.com/mnews/article/020/0003666530?sid=101
롯데 개인정보,동아일보,2025-10-13 03:04:31,"[단독]‘롯데카드-홈플러스 사태’ MBK, 국감 자료 제출 거부 논란",https://n.news.naver.com/mnews/article/020/0003666581?sid=101
롯데 개인정보,한국경제,2025-09-22 15:51:21,"개인정보위, '롯데카드 고객정보 유출' 조사 착수",https://n.news.naver.com/mnews/article/015/0005188294?sid=102
롯데 개인정보,YTN,2025-09-22 19:08:02,"경찰, '롯데카드 해킹' 유출정보 악용 가능성도 수사",https://n.news.naver.com/mnews/article/052/0002250428?sid=102
롯데 개인정보,매일경제,2025-09-22 15:52:13,"[속보] 개인정보위, ‘롯데카드 고객정보 유출’ 조사 착수",https://n.news.naver.com/mnews/article/009/0005562788?sid=101
롯데 개인정보,SBS Biz,2025-09-22 09:13:09,"방통위, 롯데카드 정보유출 연계정보 긴급 점검",https://n.news.naver.com/mnews/article/374/0000464634?sid=101
롯데 개인정보,KBS,2025-09-22 14:14:39,"방통위, ‘개인정보 해킹’ 롯데카드 연계정보 점검",https://n.news.naver.com/mnews/article/056/0012034042?sid=105
롯데 개인정보,SBS,2025-09-22 15:23:20,롯데카드 해킹 파장…방통위 '연계정보' 점검,https://n.news.naver.com/mnews/article/055/0001294484?sid=100
롯데 개인정보,SBS,2025-10-01 20:52:45,"[단독] 롯데카드 해킹도?…""중 해킹 조직 '달빛'과 유사""",https://n.news.naver.com/mnews/article/055/0001297301?sid=101
롯데 개인정보,SBS Biz,2025-09-22 15:52:18,"개인정보위, '롯데카드 고객정보 유출' 조사 착수",https://n.news.naver.com/mnews/article/374/0000464772?sid=101
롯데 개인정보,대전일보,2025-09-22 16:25:17,"개인정보위원회, '롯데카드 고객정보 유출' 조사",https://n.news.naver.com/mnews/article/656/0000148725?sid=102
롯데 개인정보,전자신문,2025-09-22 09:42:16,"방통위, 롯데카드 연계정보 관리 실태 긴급 점검",https://n.news.naver.com/mnews/article/030/0003352761?sid=105
롯데 개인정보,연합뉴스TV,2025-09-22 09:10:17,"방통위, 롯데카드 정보유출 연계정보 긴급 점검 착수",https://n.news.naver.com/mnews/article/422/0000783740?sid=101
롯데 개인정보,아시아경제,2025-09-22 09:19:32,"방통위, 롯데카드 '연계정보' 긴급 점검…법 위반시 과태료 처분(상보)",https://n.news.naver.com/mnews/article/277/0005655314?sid=105
롯데 개인정보,이데일리,2025-09-18 15:36:11,"금융당국 ""롯데카드 보안 위규사항 파악해 엄정 조치""",https://n.news.naver.com/mnews/article/018/0006118917?sid=101
롯데 개인정보,디지털타임스,2025-09-18 16:12:29,"금융당국, 롯데카드 최대수준 제재 방침…“위규사항 일벌백계”",https://n.news.naver.com/mnews/article/029/0002983038?sid=101
롯데 개인정보,조세일보,2025-09-18 16:11:10,"롯데카드 사태에, 금융위 ""최대수준 제재방침, 일벌백계할 것""",https://n.news.naver.com/mnews/article/123/0002368477?sid=101
롯데 개인정보,연합뉴스,2025-09-23 12:11:22,"롯데카드 ""민감정보 유출된 고객 66%, 카드 재발급·비번 변경""",https://n.news.naver.com/mnews/article/001/0015643293?sid=100
롯데 개인정보,SBS,2025-09-23 12:44:24,"롯데카드 ""민감정보 유출된 고객 66%, 카드 재발급·비번 변경""",https://n.news.naver.com/mnews/article/055/0001294789?sid=101
롯데 개인정보,조선비즈,2025-09-23 18:11:14,"[단독] 김병주 MBK 회장, 과방위 롯데카드 청문회도 불출석",https://n.news.naver.com/mnews/article/366/0001110371?sid=101
롯데 개인정보,한겨레,2025-09-18 17:06:32,롯데카드 CVC·비번 두 자리 털린 28만명…‘키인 거래’ 노출,https://n.news.naver.com/mnews/article/028/0002767081?sid=101
롯데 개인정보,매일경제,2025-09-18 18:13:10,롯데카드 뒷면 CVC 번호까지 털려…실물카드에 비밀번호까지 교체해야,https://n.news.naver.com/mnews/article/009/0005561161?sid=101
롯데 개인정보,오마이뉴스,2025-09-23 09:30:06,"롯데카드 개인정보 유출, 나도 피해자였다",https://n.news.naver.com/mnews/article/047/0002489153?sid=102
롯데 개인정보,뉴시스,2025-09-23 11:11:52,"사이버 침해 당한 롯데카드, 개인정보 유출사태",https://n.news.naver.com/mnews/article/003/0013499327?sid=100
롯데 개인정보,YTN,2025-09-28 06:11:32,"롯데카드 CVC번호, 서버에 암호로 저장됐더라면~",https://n.news.naver.com/mnews/article/052/0002252909?sid=101
롯데 개인정보,한국일보,2025-09-21 12:01:09,"롯데 ""롯데카드는 계열사 아녜요"" 해킹 사고에 항의한 까닭은",https://n.news.naver.com/mnews/article/469/0000888316?sid=101
롯데 개인정보,매경이코노미,2025-09-21 15:51:08,‘MBK’ 품에 있지만 불똥은 롯데로…롯데카드 해킹에 그룹 이미지 ‘흔들’,https://n.news.naver.com/mnews/article/024/0000100069?sid=101
롯데 개인정보,중앙일보,2025-09-21 17:42:54,롯데카드 해킹 피해자 집단소송 본격화…MBK 책임론도 부상,https://n.news.naver.com/mnews/article/025/0003470544?sid=101
롯데 개인정보,매일경제,2025-09-21 10:11:09,"롯데 “롯데카드 주인은 MBK, 우리와 무관”...경영진은 고개 숙였지만",https://n.news.naver.com/mnews/article/009/0005562094?sid=101
롯데 개인정보,서울신문,2025-09-21 13:23:09,"롯데그룹 “롯데카드, 그룹과 무관…중대피해에 강력 항의”",https://n.news.naver.com/mnews/article/081/0003576546?sid=101
롯데 개인정보,KBS,2025-09-18 23:18:40,롯데카드 3백만 명 정보 유출…28만 명은 비번도 털려,https://n.news.naver.com/mnews/article/056/0012032565?sid=101
롯데 개인정보,YTN,2025-09-18 22:11:17,"롯데카드 ""28만 명 CVC까지 유출""...19일간 몰랐다",https://n.news.naver.com/mnews/article/052/0002249073?sid=101
롯데 개인정보,연합뉴스,2025-09-21 05:45:01,"""1.7GB뿐""·""암호화된 정보""…안일·무능이 키운 롯데카드 사태",https://n.news.naver.com/mnews/article/001/0015638495?sid=101
롯데 개인정보,동아일보,2025-09-21 15:44:17,‘297만명 정보유출’ 롯데카드 피해고객 3400여 명 집단소송,https://n.news.naver.com/mnews/article/020/0003662523?sid=102
롯데 개인정보,MBN,2025-09-23 20:02:09,"롯데카드 보안투자 거짓말 공방…""수익에 몰두한 인재""",https://n.news.naver.com/mnews/article/057/0001910037?sid=101
롯데 개인정보,뉴스1,2025-09-18 17:18:54,2주 넘게 늑장신고?…금융당국이 Q&A로 풀어본 롯데카드 해킹사태,https://n.news.naver.com/mnews/article/421/0008495467?sid=101
롯데 개인정보,아시아경제,2025-09-23 11:29:13,[포토] 롯데카드 개인정보 유출사태 관련 대책 간담회,https://n.news.naver.com/mnews/article/277/0005656169?sid=100
롯데 개인정보,이데일리,2025-09-23 15:35:11,"野 ""롯데카드 해킹 사건은 '인재'…MBK 보안예산 약속은 앞뒤가 달라""",https://n.news.naver.com/mnews/article/018/0006123368?sid=101
롯데 개인정보,뉴시스,2025-09-24 15:33:17,"여야, KT·롯데카드 해킹사태 청문회서 ""관리부실"" ""능력 의문"" 질타",https://n.news.naver.com/mnews/article/003/0013503088?sid=100
롯데 개인정보,뉴시스,2025-09-22 10:04:33,"""피해 없는 것 맞나""…롯데카드에 뿔난 소비자들 '집단 소송'",https://n.news.naver.com/mnews/article/003/0013496237?sid=101
롯데 개인정보,TV조선,2025-09-22 15:50:34,"""피해 없는 것 맞나""…롯데카드에 뿔난 소비자들 3400여 명 '집단 소송' 움직임",https://n.news.naver.com/mnews/article/448/0000558734?sid=101
롯데 개인정보,머니S,2025-09-22 09:45:22,개인정보 5년간 8800만건 털렸지만… 제재액은 고작 '건당 1000원',https://n.news.naver.com/mnews/article/417/0001102776?sid=101
롯데 개인정보,SBS,2025-09-22 15:26:59,"[뉴블더] 개인정보 유출, 건당 1천 원 안되는 과징금",https://n.news.naver.com/mnews/article/055/0001294486?sid=102
롯데 개인정보,대전일보,2025-09-22 11:21:12,개인정보 5년간 9000만건 털렸는데…과징금은 고작 1건당 1000원,https://n.news.naver.com/mnews/article/656/0000148630?sid=102
롯데 개인정보,KBS,2025-09-24 12:16:12,KT·롯데카드 청문회…“보안 부실·사후대처 미흡” 질타,https://n.news.naver.com/mnews/article/056/0012035709?sid=102
롯데 개인정보,이데일리,2025-09-18 18:18:18,"‘8년 전 취약점’ 방치한 롯데카드, 징벌적 과징금 가능성",https://n.news.naver.com/mnews/article/018/0006119222?sid=101
롯데 해킹,디지털데일리,2025-10-16 17:20:12,"KISA ""해킹사고대응 부서원 전원, 워크숍 참여 안해""",https://n.news.naver.com/mnews/article/138/0002207090?sid=105
롯데 해킹,한국경제,2025-10-13 14:51:17,"롯데카드 ""민감정보 유출 고객 82% 보호조치 완료""",https://n.news.naver.com/mnews/article/015/0005195855?sid=101
롯데 해킹,디지털타임스,2025-10-14 17:30:38,"조좌진 롯데카드 대표, “해킹 사고 후 정보 보호 예산 180억원 투입”",https://n.news.naver.com/mnews/article/029/0002987049?sid=101
롯데 해킹,아시아경제,2025-10-16 06:10:00,해킹사고·디지털 전환 여파에 설 자리 잃어가는 카드모집인,https://n.news.naver.com/mnews/article/277/0005664985?sid=101
롯데 해킹,이코노미스트,2025-10-14 18:17:10,"조좌진 대표 “해킹 이후 180억 긴급 투입, 연말까지 투자안 보고”",https://n.news.naver.com/mnews/article/243/0000086345?sid=101
롯데 해킹,매경이코노미,2025-10-15 21:01:17,‘홈플·롯데카드’ MBK…“나 떨고 있니?”,https://n.news.naver.com/mnews/article/024/0000100575?sid=102
롯데 해킹,경기일보,2025-10-15 17:12:24,"“총수 아니다”…김병주 MBK 회장, 홈플러스·롯데카드 사태 책임 공방",https://n.news.naver.com/mnews/article/666/0000085424?sid=100
롯데 해킹,스포츠동아,2025-10-15 11:16:15,"국감 MBK 김병주, 홈플러스·롯데카드에 ‘선긋기’ 파장",https://n.news.naver.com/mnews/article/382/0001229376?sid=101
롯데 해킹,한국경제TV,2025-10-15 17:51:25,"김병주 MBK 회장 ""총수 아니다…홈플러스·롯데카드 관여 안 해""",https://n.news.naver.com/mnews/article/215/0001227161?sid=101
롯데 해킹,이코노미스트,2025-10-15 11:20:09,"김병주 MBK 회장, 홈플·롯데카드 사태에 “제가 잘 모르는 사항” 책임 회피",https://n.news.naver.com/mnews/article/243/0000086365?sid=101
롯데 해킹,머니S,2025-10-15 13:42:11,"'홈플러스·롯데카드 사태' 국감 질타에 MBK 김병주 ""관여 안했다""",https://n.news.naver.com/mnews/article/417/0001106680?sid=101
롯데 해킹,머니투데이,2025-10-13 11:04:56,"롯데카드, 카드 재발급 조치 대부분 완료… ""부정사용 사례 없어""",https://n.news.naver.com/mnews/article/008/0005261620?sid=101
롯데 해킹,뉴스1,2025-10-14 05:30:00,"국감 2일차, 과방위에 이진숙 출석…법사위 '특검·양평' 정무위 '해킹'",https://n.news.naver.com/mnews/article/421/0008535616?sid=100
롯데 해킹,블로터,2025-10-15 14:52:06,"조좌진 롯데카드 대표, 해킹 수습·실적 부진·국감 압박…관건은 신뢰 회복",https://n.news.naver.com/mnews/article/293/0000073575?sid=101
롯데 해킹,SBS Biz,2025-10-14 17:33:09,"조좌진 롯데카드 대표 ""1100억 정보보호 투자 계획 연말까지 수립"" [2025 국감]",https://n.news.naver.com/mnews/article/374/0000468383?sid=101
롯데 해킹,뉴시스,2025-10-12 08:00:00,과방위 국감 미리보기…'해킹·플랫폼 불공정' 난타전 예고,https://n.news.naver.com/mnews/article/003/0013529058?sid=101
롯데 해킹,아이뉴스24,2025-10-13 17:38:08,"[2025 국감] 조인철 ""尹정부 'ISMS 간소화'가 해킹 폭증 불러""",https://n.news.naver.com/mnews/article/031/0000971311?sid=100
롯데 해킹,디지털데일리,2025-10-15 08:42:08,[국감2025] 통신사 CEO 출석 앞두고 전초전 ‘해킹은 미지근’…21일에 쏠리는 눈,https://n.news.naver.com/mnews/article/138/0002206919?sid=105
롯데 해킹,파이낸셜뉴스,2025-10-14 16:44:12,조좌진 롯데카드 대표 “연말까지 정보보호투자 계획안 이사회에 보고할 것”[李정부 첫 국감],https://n.news.naver.com/mnews/article/014/0005419103?sid=101
롯데 해킹,이코노미스트,2025-10-12 06:00:15,대규모 해킹에 국정자원 화재까지…구멍 난 IT 코리아,https://n.news.naver.com/mnews/article/243/0000086208?sid=105
롯데 해킹,머니투데이,2025-10-12 06:00:00,국감 앞둔 금융권…해킹사고·가계부채까지 지적 예고,https://n.news.naver.com/mnews/article/008/0005261214?sid=101
롯데 해킹,이데일리,2025-10-14 17:13:06,"해킹 후 마케팅 예산만 증액…조좌진 ""고객 보호 조치에 180억 투입""",https://n.news.naver.com/mnews/article/018/0006138032?sid=101
롯데 해킹,파이낸셜뉴스,2025-10-14 17:00:11,"조좌진 롯데카드 대표 ""9월 마케팅 예산 증액은 이미 결정된 사항""[李정부 첫 국감]",https://n.news.naver.com/mnews/article/014/0005419111?sid=101
롯데 해킹,매일경제,2025-10-13 09:17:11,"“해킹, 이제 교통사고만큼 일어날 것”…로펌 보안 전문가들의 섬뜩한 경고",https://n.news.naver.com/mnews/article/009/0005571648?sid=102
롯데 해킹,오마이뉴스,2025-10-10 12:00:10,"해킹 대응, '적'을 모르면 시작도 없다",https://n.news.naver.com/mnews/article/047/0002490803?sid=102
롯데 해킹,조세일보,2025-10-02 15:11:09,"롯데카드, 해킹사고 후 297만명 중 48% 조치…“현재 피해 사례 없어”",https://n.news.naver.com/mnews/article/123/0002369387?sid=101
롯데 해킹,뉴스1,2025-10-13 16:35:21,"조인철 의원 ""KISA 보안인증 허점…해킹장비 유통도 못 잡아내""",https://n.news.naver.com/mnews/article/421/0008535009?sid=105
롯데 해킹,디지털타임스,2025-10-13 16:56:06,“언제든 해킹되는 대한민국”…정부 청사 내 ‘스파이칩’ 소지 가능,https://n.news.naver.com/mnews/article/029/0002986754?sid=105
롯데 해킹,연합뉴스,2025-09-29 12:03:02,"경찰, KT·롯데카드 해킹 피해 자료 확보…수사 본격화",https://n.news.naver.com/mnews/article/001/0015655559?sid=102
롯데 해킹,SBS,2025-09-29 12:17:41,"경찰, KT·롯데카드 해킹 피해 자료 확보…수사 본격화",https://n.news.naver.com/mnews/article/055/0001296468?sid=102
롯데 해킹,국민일보,2025-10-09 18:55:06,해킹 집단소송 줄 잇는데… 5년 걸려 고작 10만원,https://n.news.naver.com/mnews/article/005/0001806773?sid=102
롯데 해킹,아시아경제,2025-10-06 08:30:00,다음주부터 정무위 국감…해킹·소비자보호 등 2금융권 긴장,https://n.news.naver.com/mnews/article/277/0005661965?sid=101
롯데 해킹,아시아경제,2025-10-13 06:05:00,속도 안 붙는 여신금융협회장 선거…연내 선출 '불투명',https://n.news.naver.com/mnews/article/277/0005663037?sid=101
롯데 해킹,전자신문,2025-10-06 10:12:17,"'해킹 피해' 확산에…은행권, 보안 시스템 점검",https://n.news.naver.com/mnews/article/030/0003357416?sid=101
롯데 해킹,부산일보,2025-10-06 09:00:14,“다음 타깃될라”…은행권 ‘해킹사고’에 긴장 고조,https://n.news.naver.com/mnews/article/082/0001348006?sid=101
롯데 해킹,MBC,2025-09-24 10:15:31,"'롯데카드 해킹' 카드해지 4만여 명, 1만 5천 명은 아예 회원 탈퇴",https://n.news.naver.com/mnews/article/214/0001451276?sid=101
롯데 해킹,머니투데이,2025-09-24 08:46:24,"해킹 부정사용 없다지만…""롯데카드 불안"" 128만명 재발급·해지",https://n.news.naver.com/mnews/article/008/0005254932?sid=101
롯데 해킹,한국경제,2025-09-24 16:04:21,"롯데카드, 부정사용 사례 없다지만…고객 카드 정지·해지만 15만명",https://n.news.naver.com/mnews/article/015/0005189524?sid=101
롯데 해킹,헤럴드경제,2025-10-02 10:18:16,롯데카드 “부정사용 가능 고객 79% 보호조치 완료”,https://n.news.naver.com/mnews/article/016/0002538416?sid=101
롯데 해킹,한국일보,2025-10-02 11:14:11,"롯데카드 ""고위험 28만 명 중 22만 명, 카드 재발급 등 보호조치 완료""",https://n.news.naver.com/mnews/article/469/0000890524?sid=101
롯데 해킹,한국경제TV,2025-10-02 10:18:46,"롯데카드, 부정 사용 가능 고객 79% 보호조치…""피해 사례 없어""",https://n.news.naver.com/mnews/article/215/0001226136?sid=004
롯데 해킹,뉴시스,2025-09-21 07:00:00,롯데카드 해킹 사태 책임없다?…MBK는 뭐했나,https://n.news.naver.com/mnews/article/003/0013494756?sid=101
롯데 해킹,매일경제,2025-09-21 10:45:10,“롯데카드 판 지가 언젠데...” 해킹 사고 충격에 MBK 원망하는 롯데,https://n.news.naver.com/mnews/article/009/0005562099?sid=101
롯데 해킹,더팩트,2025-09-21 12:03:15,"""계열사 아닌데""…롯데카드 해킹 사고에 롯데그룹 브랜드 '타격'",https://n.news.naver.com/mnews/article/629/0000428264?sid=101
롯데 해킹,연합뉴스,2025-09-24 17:32:59,"KT, 관리 부실 인정·조사 확대…정부 ""복제폰 가능성도 조사""(종합)",https://n.news.naver.com/mnews/article/001/0015646984?sid=102
롯데 해킹,연합뉴스,2025-09-24 11:59:42,"""구멍가게도 이렇게 안 해""…여야, 해킹 청문회서 KT 등 질타",https://n.news.naver.com/mnews/article/001/0015645797?sid=100
롯데 해킹,조선비즈,2025-10-01 06:01:24,"해킹 사고 속출하는데… 10대 저축은행 중 6곳, 정보보호 예산 줄였다",https://n.news.naver.com/mnews/article/366/0001112145?sid=101
롯데 해킹,뉴시스,2025-09-23 14:51:21,"""면피성 대책 발표에""…롯데카드 해킹에 'MBK 책임' 질타",https://n.news.naver.com/mnews/article/003/0013500073?sid=101
롯데 해킹,아시아경제,2025-09-23 12:00:38,"국민의힘, 롯데카드 해킹사고에 ""MBK 김병주 반드시 국감 출석""",https://n.news.naver.com/mnews/article/277/0005656203?sid=100
롯데 해킹,조선비즈,2025-09-18 13:38:09,롯데카드 “해킹 피해 회원 규모 297만명… 주민등록번호·CVC 등 유출”,https://n.news.naver.com/mnews/article/366/0001109026?sid=101
롯데 해킹,디지털타임스,2025-10-13 10:52:25,"금감원, 6년간 롯데카드 검사 11차례 실시…보안 점검은 없었다",https://n.news.naver.com/mnews/article/029/0002986618?sid=101
롯데 해킹,디지털타임스,2025-10-13 15:12:55,"롯데카드, 민감정보 유출 고객 82% 보호 조치…재발급 지연 해소",https://n.news.naver.com/mnews/article/029/0002986685?sid=101
롯데 해킹,머니S,2025-10-14 16:51:54,"조좌진 롯데카드 대표 ""연말까지 정보보호 투자계획 이사회 보고""",https://n.news.naver.com/mnews/article/417/0001106483?sid=101
롯데 해킹,아시아경제,2025-10-13 14:50:39,ISMS '형식적 인증' 전락…尹 정부 간소화에 해킹 폭증,https://n.news.naver.com/mnews/article/277/0005663460?sid=102
롯데 보안사고,전자신문,2025-10-16 16:01:20,"[이슈플러스] 연이은 보안 사고, 금융권 '통합보안' 대안 떠오른다",https://n.news.naver.com/mnews/article/030/0003359716?sid=101
롯데 보안사고,디지털데일리,2025-10-15 07:00:06,[취재수첩] 보안을 '꿀먹은 벙어리' 만든 국감,https://n.news.naver.com/mnews/article/138/0002206916?sid=105
롯데 보안사고,헤럴드경제,2025-10-16 11:24:20,‘백업·이중화’ 신설 금융클라우드 보안 강화,https://n.news.naver.com/mnews/article/016/0002542798?sid=101
롯데 보안사고,이데일리,2025-10-15 14:35:11,“보안극장에 갇힌 한국”…김승주 교수 “망분리·인증제도 전면 재검토해야”,https://n.news.naver.com/mnews/article/018/0006138648?sid=105
롯데 보안사고,조선비즈,2025-10-13 10:44:12,[단독] 과기정통부 PC 10대 중 4대 ‘윈도10’ 사용… “보안 공백 방치”,https://n.news.naver.com/mnews/article/366/0001113884?sid=105
롯데 보안사고,이데일리,2025-10-13 18:22:12,“보안 인증만 믿다 뚫렸다”…ISMS 실효성 도마 위에,https://n.news.naver.com/mnews/article/018/0006137252?sid=105
롯데 보안사고,연합뉴스,2025-10-06 05:51:00,잇단 보안사고에 은행권도 긴장…화이트해커 동원해 점검,https://n.news.naver.com/mnews/article/001/0015666643?sid=101
롯데 보안사고,SBS Biz,2025-10-06 17:15:08,잇단 보안사고에 은행권도 시스템 점검 총력,https://n.news.naver.com/mnews/article/374/0000467433?sid=101
롯데 보안사고,연합뉴스TV,2025-10-06 13:31:10,"잇단 보안사고에 은행권, 화이트해커도 동원해 점검",https://n.news.naver.com/mnews/article/422/0000788508?sid=101
롯데 보안사고,머니투데이,2025-10-13 05:00:00,보안사고 따진다…이통3사·빅테크 CEO 줄소환,https://n.news.naver.com/mnews/article/008/0005261426?sid=105
롯데 보안사고,노컷뉴스,2025-10-13 05:01:35,"'보안' 외양간만 고친다…""자진신고 활성화해야""[K방패 뚫렸다]",https://n.news.naver.com/mnews/article/079/0004074158?sid=101
롯데 보안사고,뉴스1,2025-10-10 10:22:21,"이해민 의원 ""백업 미비 국정자원이 보안인증 통과…제도 허점""",https://n.news.naver.com/mnews/article/421/0008529931?sid=105
롯데 보안사고,더팩트,2025-10-09 00:01:39,국감 앞둔 금융권…금융사고·소비자보호 '집중 질타' 예고,https://n.news.naver.com/mnews/article/629/0000432566?sid=101
롯데 보안사고,연합뉴스,2025-09-24 14:00:23,"롯데카드 대표 ""재발급 100만명 밀려…주말까지 해소""",https://n.news.naver.com/mnews/article/001/0015646072?sid=101
롯데 보안사고,국제신문,2025-09-24 14:42:16,"MBK파트너스 “보안 투자 강화하겠다, 롯데카드 매각은 진행 중”",https://n.news.naver.com/mnews/article/658/0000121009?sid=101
롯데 보안사고,SBS,2025-09-24 16:35:36,"롯데카드 대표 ""재발급 100만 명 밀려…주말까지 해소""",https://n.news.naver.com/mnews/article/055/0001295255?sid=101
롯데 보안사고,TV조선,2025-09-24 14:39:17,"롯데카드 대표 ""재발급 100만명 밀려…주말까지 해소""",https://n.news.naver.com/mnews/article/448/0000559276?sid=101
롯데 보안사고,YTN,2025-09-24 16:09:57,"롯데카드 대표 ""재발급 100만 명 밀려...주말까지 해소""",https://n.news.naver.com/mnews/article/052/0002251371?sid=101
롯데 보안사고,디지털데일리,2025-10-12 15:52:12,"[해킹 국감 앞두고] ""사이버침해사고, 테러에 준하는 위협...보안 투자 10% 의무화 검토해야""",https://n.news.naver.com/mnews/article/138/0002206701?sid=105
롯데 보안사고,연합뉴스,2025-09-18 14:15:03,"롯데카드 ""해킹 사고로 297만명 고객정보 유출…200GB 분량""(종합)",https://n.news.naver.com/mnews/article/001/0015634464?sid=101
롯데 보안사고,TV조선,2025-09-18 14:30:50,"롯데카드 ""해킹 사고로 297만명 고객정보 유출…200GB 분량""",https://n.news.naver.com/mnews/article/448/0000557857?sid=101
롯데 보안사고,부산일보,2025-09-18 14:52:10,고객 정보 다 뚫린 롯데카드…해킹 사태로 ‘300만 명’ 피해(종합),https://n.news.naver.com/mnews/article/082/0001345500?sid=101
롯데 보안사고,강원일보,2025-09-18 14:28:09,"롯데카드 ""해킹 사고로 297만명 고객 정보 유출…28만명 정보는 부정 사용 가능성""",https://n.news.naver.com/mnews/article/087/0001143474?sid=102
롯데 보안사고,TV조선,2025-09-18 16:21:06,"롯데카드 ""해킹 사고로 200GB 유출…피해 고객 297만명""",https://n.news.naver.com/mnews/article/448/0000557917?sid=101
롯데 보안사고,디지털타임스,2025-10-12 17:39:23,[맹준호 칼럼] ‘정보보안 컨트롤타워’를 세워라,https://n.news.naver.com/mnews/article/029/0002986531?sid=110
롯데 보안사고,머니투데이,2025-10-12 06:00:00,이통3사·빅테크 CEO 줄소환…과방위 국감 최대 화두 '보안·R&D',https://n.news.naver.com/mnews/article/008/0005261217?sid=105
롯데 보안사고,뉴시스,2025-09-19 13:48:38,"""해킹 진화했지만 금융권 못따라가""…징벌적과징금 신속 도입(종합)",https://n.news.naver.com/mnews/article/003/0013493131?sid=101
롯데 보안사고,파이낸셜뉴스,2025-09-19 12:28:11,"금융위, 금융권 해킹사고에 징벌적 과징금 도입 ‥종합방안도 내놓는다",https://n.news.naver.com/mnews/article/014/0005409393?sid=101
롯데 보안사고,중앙일보,2025-09-19 18:04:59,금융위 “금융사 보안사고 징벌적 과징금 신속 추진...금융사 긴급 점검”,https://n.news.naver.com/mnews/article/025/0003470360?sid=101
롯데 보안사고,뉴시스,2025-09-19 10:19:10,"금융위 부위원장 ""보안사고시 징벌적 과징금 신속 도입""",https://n.news.naver.com/mnews/article/003/0013492515?sid=101
롯데 보안사고,이코노미스트,2025-10-12 09:03:08,"“무색해진 IT 강국”...韓 정부, ‘데이터’ 보안·관리 안일하게 생각했다",https://n.news.naver.com/mnews/article/243/0000086212?sid=101
롯데 보안사고,시사저널,2025-10-13 10:00:11,국감장에 오른 재계 총수들… '보안·갑질·불공정 플랫폼' 집중포화,https://n.news.naver.com/mnews/article/586/0000113419?sid=101
롯데 보안사고,이데일리,2025-09-22 14:05:08,"대통령실, KT·롯데카드 보안사고에 “9월말 정보보호 대책 발표”",https://n.news.naver.com/mnews/article/018/0006122432?sid=100
롯데 보안사고,서울경제,2025-09-22 17:02:14,"대통령실, KT·롯데카드 보안사고에 “정보보호 대책 마련중”",https://n.news.naver.com/mnews/article/011/0004536096?sid=100
롯데 보안사고,경기일보,2025-09-22 14:24:10,"대통령실, KT·롯데카드 보안사고에 “정보보호 대책 마련중”",https://n.news.naver.com/mnews/article/666/0000083899?sid=102
롯데 보안사고,아이뉴스24,2025-09-22 14:28:07,"대통령실 ""9월 말 KT·롯데카드 해킹 사고 종합대책 발표""",https://n.news.naver.com/mnews/article/031/0000967216?sid=100
롯데 보안사고,연합뉴스,2025-09-18 16:35:27,"롯데카드 ""해킹으로 297만명 정보 유출…28만명 카드번호 등도""(종합2보)",https://n.news.naver.com/mnews/article/001/0015635216?sid=101
롯데 보안사고,뉴스1,2025-10-09 06:20:00,"""돈내고 보안인증 받아도 줄줄이 해킹…ISMS 실효성 부족 지적""",https://n.news.naver.com/mnews/article/421/0008528467?sid=105
롯데 보안사고,블로터,2025-09-21 16:28:10,"MBK ""롯데카드 관리 소홀 사실 아냐…보안 강화 위해 투자""",https://n.news.naver.com/mnews/article/293/0000072761?sid=101
롯데 보안사고,한국경제,2025-09-21 20:31:12,"MBK ""롯데카드 관리소홀 사실 아냐…보안투자 꾸준히 확대""",https://n.news.naver.com/mnews/article/015/0005187950?sid=101
롯데 보안사고,더팩트,2025-09-21 16:34:19,"MBK, 롯데카드 보안 투자 소홀 논란 일축…6년간 57억 투자",https://n.news.naver.com/mnews/article/629/0000428297?sid=101
롯데 보안사고,머니S,2025-09-21 17:22:45,"MBK ""롯데카드 보안투자, '71억→128억' 확대… 관리 소홀 아냐""",https://n.news.naver.com/mnews/article/417/0001102698?sid=101
롯데 보안사고,뉴시스,2025-09-30 07:00:00,지난달 카드론 평균금리 14.10%…롯데카드 6개월째 최고치,https://n.news.naver.com/mnews/article/003/0013513751?sid=101
롯데 보안사고,주간조선,2025-09-25 05:30:08,"MBK ""롯데카드 매각 추진…주말 내 100만명 재발급 해소""",https://n.news.naver.com/mnews/article/053/0000052527?sid=101
롯데 보안사고,서울신문,2025-09-25 05:03:27,KT “소액결제 전수조사”… 롯데카드 “100만명 재발급”,https://n.news.naver.com/mnews/article/081/0003577791?sid=101
롯데 보안사고,동아일보,2025-09-19 03:05:11,롯데카드 297만명 고객정보 유출… CVC도 털려,https://n.news.naver.com/mnews/article/020/0003662179?sid=101
롯데 보안사고,머니S,2025-10-10 16:00:13,"""1급 공무원 없는데"" 이억원·이찬진 국감 데뷔… 금융사고 질타 예고",https://n.news.naver.com/mnews/article/417/0001105855?sid=101
롯데 보안사고,YTN,2025-09-20 11:42:19,"최고 보안 인증에도 뚫린 롯데카드...""인증 무용?""",https://n.news.naver.com/mnews/article/052/0002249583?sid=101
롯데 보안사고,YTN,2025-09-20 22:16:24,"최고 보안 인증에도 뚫린 롯데카드...""인증 무용?""",https://n.news.naver.com/mnews/article/052/0002249673?sid=101
롯데 보안사고,조선비즈,2025-10-02 18:08:13,"이억원, 금융 기관장 불러모아 “보안·전산사고 엄정 책임”",https://n.news.naver.com/mnews/article/366/0001112665?sid=101
롯데 보안사고,서울경제,2025-10-02 17:41:14,"금융기관장 불러모은 이억원 ""보안·전산사고 엄정 책임""",https://n.news.naver.com/mnews/article/011/0004540499?sid=101
롯데 보안사고,뉴스1,2025-10-02 10:57:58,"이억원 ""금융기관서 보안·전산 사고시 엄정하게 책임묻겠다""",https://n.news.naver.com/mnews/article/421/0008523122?sid=101
롯데 보안사고,지디넷코리아,2025-09-22 20:25:06,"개보위, 롯데카드에 과징금 얼마?...조사 착수",https://n.news.naver.com/mnews/article/092/0002391446?sid=105
롯데 보안사고,비즈워치,2025-09-18 15:59:08,"금융당국 ""롯데카드 일벌백계…보안사고 징벌적 과징금 도입""",https://n.news.naver.com/mnews/article/648/0000039990?sid=101
롯데 보안사고,한국경제,2025-09-18 16:15:18,"금융당국, 롯데카드 해킹 사태에 ""최대 수준 엄정 제재 방침""",https://n.news.naver.com/mnews/article/015/0005186836?sid=101
롯데 보안사고,머니투데이,2025-09-18 15:43:55,"297만명 정보 털린 롯데카드…정부 ""강도높은 책임 묻겠다""",https://n.news.naver.com/mnews/article/008/0005252539?sid=101
롯데 보안사고,블로터,2025-09-19 13:55:09,"정부, KT·롯데카드 해킹사고에 '보안체계 전면 재점검'한다",https://n.news.naver.com/mnews/article/293/0000072704?sid=105
롯데 보안사고,매일신문,2025-10-09 15:26:12,[취재현장-이상원] 원자력발전소 사이버 보안은 생명이다,https://n.news.naver.com/mnews/article/088/0000974435?sid=110
롯데 보안사고,연합뉴스,2025-09-24 18:11:12,해킹 사태 청문회…KT·롯데카드 '안일 대처' 與野 질타(종합),https://n.news.naver.com/mnews/article/001/0015647029?sid=100
롯데 보안사고,매일경제,2025-10-03 13:23:07,[단독] “금융보안원도 취약”...감사 결과 ‘재해 비상대응계획’ 미흡 판정,https://n.news.naver.com/mnews/article/009/0005569254?sid=101
롯데 보안사고,연합뉴스,2025-09-22 14:20:32,"안보실 ""국가 전체 보안점검 계획 수립…9월 말 대책 발표""",https://n.news.naver.com/mnews/article/001/0015641078?sid=100
롯데 보안사고,전자신문,2025-09-22 15:38:22,국가안보실 “국가 전체 보안점검…9월 말 정보보호 종합대책 발표”,https://n.news.naver.com/mnews/article/030/0003353068?sid=100
롯데 보안사고,뉴시스,2025-09-19 09:49:14,"""내 정보 괜찮나""…잇단 해킹에 보안株 '들썩'[핫스탁]",https://n.news.naver.com/mnews/article/003/0013492361?sid=101
롯데 보안사고,뉴시스,2025-09-19 16:27:19,"""해킹 무섭네""…보안株 동반 강세[핫스탁](종합)",https://n.news.naver.com/mnews/article/003/0013493635?sid=101
롯데 보안사고,이데일리,2025-10-02 08:25:09,[단독]“은행은 믿었는데”…‘사이버 사고’ 방어막 뚫렸다,https://n.news.naver.com/mnews/article/018/0006131423?sid=101
롯데 보안사고,뉴시스,2025-09-17 10:21:22,롯데카드 해킹 피해 '눈덩이' 우려…대국민 사과 임박,https://n.news.naver.com/mnews/article/003/0013487004?sid=101
롯데 보안사고,아이뉴스24,2025-09-17 20:04:09,"""내 롯데카드 어쩌지""…해킹 피해자 수백만명 가능성",https://n.news.naver.com/mnews/article/031/0000966266?sid=101
롯데 보안사고,전자신문,2025-09-17 10:26:16,롯데카드 해킹 피해 '수백만' 확산 공포…보안투자 소홀 MBK 책임론으로 번져,https://n.news.naver.com/mnews/article/030/0003351416?sid=101
롯데 보안사고,한국일보,2025-09-17 17:31:21,'롯데카드 해킹' 정보유출 예상보다 심각... 코너에 몰린 MBK파트너스,https://n.news.naver.com/mnews/article/469/0000887754?sid=101
롯데카드 정보유출,세계일보,2025-10-02 17:39:10,이랜드 건설·SPC·KT·롯데카드… ‘산재·정보유출’ 기업인 국감 줄소환,https://n.news.naver.com/mnews/article/022/0004072947?sid=100
롯데카드 정보유출,KBS,2025-09-18 13:31:19,롯데카드 “297만 명 정보 유출…28만 명 부정사용 여지”,https://n.news.naver.com/mnews/article/056/0012032043?sid=102
롯데카드 개인정보,뉴스1,2025-09-22 09:32:05,"방통위, 롯데카드 연계정보 유출…긴급 점검",https://n.news.naver.com/mnews/article/421/0008500020?sid=105
롯데카드 개인정보,이데일리,2025-09-23 10:56:18,"'롯데카드 해킹사태' 국힘 ""김병주 MBK회장, 국감에 부를 것""",https://n.news.naver.com/mnews/article/018/0006123095?sid=100
롯데카드 개인정보,아시아경제,2025-09-21 11:01:05,"롯데그룹 ""롯데카드, 계열사 아냐…중대 피해에 강력 항의""",https://n.news.naver.com/mnews/article/277/0005655060?sid=101
롯데카드 개인정보,연합뉴스,2025-09-21 09:39:04,"롯데그룹 ""롯데카드, 그룹과 무관…중대피해에 강력 항의""",https://n.news.naver.com/mnews/article/001/0015638706?sid=101
롯데카드 개인정보,동아일보,2025-09-22 17:16:16,개인정보 5년간 8854만건 털려…과징금은 건당 고작 1000원,https://n.news.naver.com/mnews/article/020/0003662804?sid=102
롯데카드 개인정보,한국일보,2025-09-18 18:31:14,"롯데카드, 297만 명 개인정보 털렸다… 28만 명은 비번·CVC까지",https://n.news.naver.com/mnews/article/469/0000887980?sid=101
롯데카드 개인정보,뉴시스,2025-09-25 15:05:37,"'롯데카드 재발급' 배송지연 불만 폭주…""일 6만장 생산능력""",https://n.news.naver.com/mnews/article/003/0013505583?sid=101
롯데카드 개인정보,KBS,2025-09-24 19:13:12,KT·롯데카드 청문회…“보안 부실·사후 대처 미흡” 질타,https://n.news.naver.com/mnews/article/056/0012036000?sid=105
롯데카드 개인정보,KBS,2025-09-24 17:11:16,KT·롯데카드 청문회…“보안 부실·사후대처 미흡” 질타,https://n.news.naver.com/mnews/article/056/0012035920?sid=105
롯데카드 개인정보,KBS,2025-09-24 18:22:47,KT·롯데카드 청문회…“보안 부실·사후대처 미흡” 질타,https://n.news.naver.com/mnews/article/056/0012035961?sid=105
롯데카드 개인정보,뉴스1,2025-09-17 09:36:08,'960만 고객' 롯데카드 해킹 피해 예상보다 훨씬 커…곧 대국민 사과,https://n.news.naver.com/mnews/article/421/0008490845?sid=101
롯데카드 개인정보,한국경제,2025-09-17 17:19:15,롯데카드 해킹 피해 파장 확산…조좌진 대표 18일 대국민 사과,https://n.news.naver.com/mnews/article/015/0005186279?sid=101
롯데카드 개인정보,강원일보,2025-09-17 09:53:07,"SKT, KT 이어 ‘960만 회원’ 롯데카드도 해킹 피해…피해 규모 최대 수백만명 추정",https://n.news.naver.com/mnews/article/087/0001143104?sid=102
롯데카드 개인정보,뉴시스,2025-09-22 14:57:00,"金총리 ""통신·카드사 해킹 대단히 송구""…정부, 이달 말 종합대책 발표(종합)",https://n.news.naver.com/mnews/article/003/0013497485?sid=100
롯데카드 개인정보,머니투데이,2025-10-01 08:37:06,"""후속 입법 미룬 방통위, 롯데카드 해킹 피해 키웠다""",https://n.news.naver.com/mnews/article/008/0005258550?sid=105
롯데카드 개인정보,아이뉴스24,2025-10-01 09:59:09,방통위 '뒷북 입법'…롯데카드 개인정보 유출 키웠다,https://n.news.naver.com/mnews/article/031/0000969790?sid=105
롯데카드 개인정보,이데일리,2025-10-01 08:22:14,“방통위 후속 입법 지연이 롯데카드 해킹 피해 키웠다”,https://n.news.naver.com/mnews/article/018/0006130129?sid=105
롯데카드 개인정보,머니S,2025-10-13 10:59:23,"금감원, 7년간 카드업계 검사 67회… ""보안 관련 검사는 0건""",https://n.news.naver.com/mnews/article/417/0001106108?sid=101
롯데카드 해킹,스타뉴스,2025-10-16 14:10:55,"유영하 국힘 의원 ""MBK, 약탈적 헤지펀드...계열 카드사와 합작해 홈플러스 부채 외주화""",https://n.news.naver.com/mnews/article/108/0003375267?sid=004
롯데카드 해킹,뉴스1,2025-10-13 11:55:36,"롯데카드 ""부정사용 위험고객 28만명 카드 재발급 완료…신청 즉시 재발급 가능""",https://n.news.naver.com/mnews/article/421/0008534036?sid=101
롯데카드 해킹,대전일보,2025-10-14 08:30:14,국감 2일차…법사위 '특검·檢개혁' 정무위 '불공정거래·해킹' 과방위 '이진숙',https://n.news.naver.com/mnews/article/656/0000151087?sid=100
롯데카드 해킹,노컷뉴스,2025-10-02 11:00:09,"롯데카드 ""피해 고객 297만 명 중 142만 명 보호조치 시행""",https://n.news.naver.com/mnews/article/079/0004072635?sid=101
롯데카드 해킹,이데일리,2025-10-02 10:38:11,"해킹 사태 롯데카드, 고객 297만명 중 142만명 보호조치 완료",https://n.news.naver.com/mnews/article/018/0006131671?sid=101
롯데카드 해킹,머니투데이,2025-10-02 10:09:20,"롯데카드 해킹 사태 한 달, 2.7만명 탈회… 연휴에도 상담 지속",https://n.news.naver.com/mnews/article/008/0005259346?sid=101
롯데카드 보안사고,파이낸셜뉴스,2025-09-22 13:56:20,"대통령실 ""KT·롯데카드 해킹 엄중…9월말 종합대책 발표""",https://n.news.naver.com/mnews/article/014/0005410293?sid=100
롯데카드 보안사고,매일경제,2025-09-24 10:53:12,“롯데카드 보다 더 미흡한 곳 있다”…민낯 드러나는 카드업계 ‘보안 구멍’,https://n.news.naver.com/mnews/article/009/0005563951?sid=101
롯데카드 보안사고,아시아경제,2025-10-02 10:24:16,"롯데카드, 부정사용 가능 고객 79% 보호조치…""연휴에도 24시간 상담""",https://n.news.naver.com/mnews/article/277/0005661295?sid=101
롯데카드 보안사고,파이낸셜뉴스,2025-09-22 10:59:11,"[단독]카드사 보안위기 '빨간불', 롯데카드보다 정보보호 예산·인력 적은 카드사 수두룩",https://n.news.naver.com/mnews/article/014/0005410199?sid=101
롯데카드 보안사고,파이낸셜뉴스,2025-09-22 18:19:17,롯데카드보다 허술한 곳 더 있다,https://n.news.naver.com/mnews/article/014/0005410565?sid=101
롯데카드 보안사고,뉴스1,2025-09-18 10:01:12,데이터 1.7GB 유출됐다더니 200GB?…롯데카드 해킹 피해 '눈덩이',https://n.news.naver.com/mnews/article/421/0008493675?sid=101
